id,img,url,Aperture,Aperture (35mm equiv.),Aperture priority,Auto focus,Batteries,Brand,Built-in flash,Crop factor,Digital zoom,Dimensions,Exposure Compensation,External flash,Flash modes,Focal length (35mm equiv.),ISO,LCD display,LCD resolution,LCD size,Macro focus range,Manual focus,Max. resolution,Max. shutter speed,Megapixels,Metering,Min. resolution,Min. shutter speed,Model,Normal focus range,Optical zoom,Selftimer,Sensor resolution,Sensor size,Sensor type,Shutter priority,Storage types,USB,Viewfinder,Weight,White balance presets,Year
C1,images/cameras/canon_eos_rebel_t3i.png,http://www.digicamdb.com/specs/canon_eos-rebel-t3i/,n/a,n/a,Yes,Yes,Li-Ion,Canon,Yes,1.61,Yes,133.1 x 99.5 x 79.7 mm,-5EV - +5EV with 1/3 or 1/2 step,Yes,"Anti red-eye, Auto, Fill in, Off, Slow flash",n/a,"Auto, 100, 200, 400, 800, 1600, 3200, 6400, (12800 with boost)",Yes,"1,040,000","3""",n/a,Yes,5184 x 3456,1/4000 sec,18.00,"Multi, Center-weighted, Spot, Partial",480 x 480,30 sec,EOS Rebel T3i / 600D,n/a,n/a,Yes,5196 x 3464,22.3 x 14.9 mm,CMOS,Yes,"SDHC, SDXC, Secure Digital",USB 2.0 Hi-Speed,Optical,570 g,6,2011
C2,images/cameras/canon_eos_rebel_t2i.png,http://www.digicamdb.com/specs/canon_eos-rebel-t2i/,n/a,n/a,Yes,Yes,Li-Ion,Canon,Yes,1.61,No,128.8 x 97.5 x 75.3 mm,-5EV - +5EV with 1/3 or 1/2 step,Yes,"Auto, On, Off, Red-eye",n/a,"Auto, 100, 200, 400, 800, 1600, 3200, 6400, 12800 (with boost)",Yes,"1,040,000","3""",n/a,Yes,5184 x 3456,1/4000 sec,18.00,"63-zone Evaluative, Centre weighted, Evaluative, Spot",2592 x 1728,30 sec,EOS Rebel T2i / 550D,n/a,n/a,Yes,5196 x 3464,22.3 x 14.9 mm,CMOS,Yes,"SDHC, SDXC, Secure Digital",USB 2.0 Hi-Speed,Optical,530 g,6,2010
C3,images/cameras/canon_eos_60d.png,http://www.digicamdb.com/specs/canon_eos-60d/,n/a,n/a,Yes,Yes,Lithium-Ion LP-E6 rechargeable battery & charger,Canon,Yes,1.61,No,145 x 106 x 79 mm,-5EV - +5EV with 1/3 or 1/2 step,Yes,"Auto, On, Off, Red-eye",n/a,"Auto, 100, 200, 400, 800, 1600, 3200, 6400, (12800 with boost)",Yes,"1,040,000","3""",n/a,Yes,5184 x 3456,1/8000 sec,18.00,"Centre weighted, Evaluative, Spot",480 x 480,30 sec,EOS 60D,n/a,n/a,Yes,5196 x 3464,22.3 x 14.9 mm,CMOS,Yes,"SDHC, SDXC, Secure Digital",USB 2.0 (480 Mbit/sec),Optical (pentaprism),755 g,6,2010
C4,images/cameras/canon_eos_rebel_4ti.png,http://www.digicamdb.com/specs/canon_eos-rebel-t4i/,n/a,n/a,Yes,Yes,Lithium-Ion LP-E8 rechargeable battery & charger,Canon,Yes,1.61,No,133 x 100 x 79 mm,"±5 EV (at 1/3 EV, 1/2 EV steps)",Yes,"Auto, On, Off, Red-eye",n/a,"Auto, 100, 200, 400, 800, 1600, 3200, 6400, 12800 (25600 with boost)",Yes,"1,040,000","3""",n/a,Yes,5184 x 3456,1/4000 sec,18.00,"Multi, Center-weighted, Spot, Partial",480 x 480,30 sec,EOS Rebel T4i / 650D,n/a,n/a,Yes,5196 x 3464,22.3 x 14.9 mm,CMOS,Yes,SD/SDHC/SDXC,USB 2.0 (480 Mbit/sec),Optical (pentamirror),575 g,6,2012
C5,images/cameras/canon_350D.png,http://www.digicamdb.com/specs/canon_eos-350d/,n/a,n/a,Yes,Yes,Lithium-Ion NB-3L battery & charger,Canon,Yes,1.62,No,126.5x94.2x64 mm,-2EV - +2EV with 1/3EV steps,Yes,"Anti red-eye, Auto, Fill in, Off, Rear curtin, Slow flash",n/a,"Auto, 100, 200, 400, 800, 1600",Yes,"115,000","1.8""",n/a,Yes,3456 x 2304,1/4000 sec,8.00,"Centre weighted, Evaluative, Multi-pattern",1728 x 1152,Bulb+30 sec,EOS 350D,n/a,n/a,Yes,3464 x 2309,22.2 x 14.8 mm,CMOS,Yes,"CompactFlash type I, CompactFlash type II, Microdrive",USB 2.0 (480 Mbit/sec),Optical (pentamirror),540 g,6,2005
C6,images/cameras/nikon_d5100.png,http://www.digicamdb.com/specs/nikon_d5100/,n/a,n/a,Yes,Yes,Lithium-IonEN-EL14 rechargeable battery & charger,Nikon,Yes,1.53,No,128 x 97 x 79 mm,-5EV - +5EV with 1/2 or 1/3EV st,Yes,"Anti red-eye, Auto, Fill in, Off, Rear curtin, Slow flash",n/a,"Auto, 100- 6400 (plus 12800, 25600 with boost)",Yes,"921,000",3,n/a,Yes,4928 x 3264,1/4000 sec,16.20,"Centre weighted, Matrix, Spot",640 x 480,30 sec,D5100,n/a,n/a,Yes,4945 x 3275,23.6 x 15.6 mm,CMOS,Yes,"SDHC, SDXC, Secure Digital",USB 2.0 (480 Mbit/sec),Optical (pentamirror),560 g,12,2011
C7,images/cameras/canon_eos_7d.png,http://www.digicamdb.com/specs/canon_eos-7d/,n/a,n/a,Yes,Yes,Lithium-Ion LP-E6 rechargeable battery & charger,Canon,Yes,1.61,No,148.2 x 110 x 73.5 mm,-5EV - +5EV with 1/3 or 1/2 step,Yes,"Auto, On, Off, Red-eye",n/a,"Auto, 100, 200, 400, 800, 1600, 3200, 6400, (12800 with boost)",Yes,"920,000","3""",n/a,Yes,5184 x 3456,1/8000 sec,18.00,"Centre weighted, Evaluative, Spot, Spot-AF",2592 x 1728,30 sec,EOS 7D,n/a,n/a,Yes,5196 x 3464,22.3 x 14.9 mm,CMOS,Yes,"CompactFlash type I, CompactFlash type II, Microdrive",USB 2.0 (480 Mbit/sec),Optical (pentaprism),860 g,6,2009
C8,images/cameras/canon_powershot_s95.png,http://www.digicamdb.com/specs/canon_powershot-s95/,f2.0 - f4.9,f9.2 - f22.5,Yes,Yes,Lithium-Ion NB-6L rechargeable battery & charger,Canon,Yes,4.6,Yes,100x58x30 mm,-2EV - +2EV with 1/3EV steps,No,"Anti red-eye, Auto, Fill in, Off, Slow flash",28 - 105 mm,"Auto, 80 - 3200",Yes,"461,000","3""",5 cm,Yes,3648 x 2736,1/1600 sec,10.00,"Centre weighted, Evaluative, Spot",480 x 384,15 sec,PowerShot S95,40 cm,3.8x,Yes,3661 x 2732,"1/1.7"" (~ 7.53 x 5.64 mm)",CCD,Yes,"SDHC, SDXC, Secure Digital",USB 2.0 (480 Mbit/sec),None,193g,8,2010
C9,images/cameras/canon_powershot_sx260_hs.png,http://www.digicamdb.com/specs/canon_powershot-sx260-hs/,f3.5 - f6.8,f19.7 - f38.2,Yes,Yes,Lithium-Ion NB-6L rechargeable battery & charger,Canon,Yes,5.62,Yes,105.5x61.0x32.7 mm,-2EV - +2EV with 1/3EV steps,No,"Anti red-eye, Auto, Fill in, Off, Slow flash",25 - 500 mm,"Auto, 100, 200, 400, 800, 1600, 3200",Yes,"461,000","3""",5 cm,No,4000 x 3000,1/3200 sec,12.10,"Centre weighted, Evaluative, Spot",480 x 480,15 sec,PowerShot SX260 HS,45 cm,20x,Yes,4011 x 3016,"1/2.3"" (~ 6.16 x 4.62 mm)",CMOS,Yes,"SDHC, SDXC, Secure Digital",USB 2.0 (480 Mbit/sec),None,231g,7,2012
C10,images/cameras/canon_sd880.png,http://www.digicamdb.com/specs/canon_powershot-sd880-is/,f2.8 - f5.8,f15.7 - f32.6,No,Yes,Lithium-Ion NB-5L battery & charger,Canon,Yes,5.62,Yes,94x57x24 mm,&#177;2 EV (at 1/3 EV steps),No,"Auto, On, Off, Slow, Manual (Red Eye On/Off)",28 - 112 mm,"Auto, 80 ,100, 200, 400, 800, 1600",Yes,"230,000","3""",2 cm,No,3648 x 2736,1/1600 sec,10.00,"Multi, Center-weighted, Spot",3648 x 2048,15 sec,PowerShot SD880 IS,50 cm,4x,Yes,3647 x 2742,"1/2.3"" (~ 6.16 x 4.62 mm)",CCD,No,SD/SDHC/MMC card,USB 2.0 (480 Mbit/sec),None,195g,5,2008
C11,images/cameras/canon_powershot_a2300.png,http://www.digicamdb.com/specs/canon_powershot-a2300/,f2.8 - f6.9,f15.7 - f38.8,No,Yes,Lithium-Ion NB-11L rechargeable battery & charger,Canon,Yes,5.62,Yes,94.4x54.2x20.1 mm,-2EV - +2EV with 1/3EV steps,No,"Anti red-eye, Auto, Fill in, Off, Slow flash",28 - 140 mm,"Auto, 100, 200, 400, 800, 1600",Yes,"230,000","2.7""",3 cm,No,4608 x 3456,1/2000 sec,16.00,"Centre weighted, Evaluative, Spot",320 x 240,15 sec,PowerShot A2300,40 cm,5x,Yes,4612 x 3468,"1/2.3"" (~ 6.16 x 4.62 mm)",CCD,No,"SDHC, SDXC, Secure Digital",USB 2.0 (480 Mbit/sec),None,125g,7,2012
C12,images/cameras/canon_elph115.png,http://www.digicamdb.com/specs/canon_powershot-elph-115-is/,f3.2 - f6.9,f18 - f38.8,No,Yes,Rechargeable Lithium-ion Battery NB-11L,Canon,Yes,5.62,Yes,92.9 x 52.4 x 21.6 mm,±2 EV (at 1/3 EV steps),No,"Auto, On, Slow Synchro, Off",28 - 224 mm,"Auto 100, 200, 400, 800, 1600",Yes,"230,000","2.7""",1 cm,No,4608 x 3456,1/2000 sec,16.00,"Multi, Center-weighted, Spot",640 x 480,15 sec,PowerShot ELPH 115 IS,n/a,8x,Yes,4612 x 3468,"1/2.3"" (~ 6.16 x 4.62 mm)",CCD,No,SD/SDHC/SDXC,USB 2.0 (480 Mbit/sec),None,133 g,6,2013
C13,images/cameras/canon_powershot_a570is.png,http://www.digicamdb.com/specs/canon_powershot-a570-is/,f2.6 - f5.5,f15.7 - f33.1,Yes,Yes,AA (2) batteries (NiMH recommended),Canon,Yes,6.02,Yes,90x64x43 mm,&#177;2 EV (at 1/3 EV steps),No,"Auto, On, Off, Manual (Red Eye, Slow Sync)",35 - 140 mm,"Auto, 80 ,100, 200, 400, 800, 1600",Yes,"115,000","2.5""",5 cm,Yes,3072 x 2304,1/2000 sec,7.10,"Multi, Center-weighted, Spot",640 x 480,15 sec,PowerShot A570 IS,45 cm,4x,Yes,3072 x 2310,"1/2.5"" (~ 5.75 x 4.32 mm)",CCD,Yes,SD/SDHC card,USB 2.0 (480 Mbit/sec),Optical (tunnel),215g,5,2007
C14,images/cameras/canon_powershot_a4000_is.png,http://www.digicamdb.com/specs/canon_powershot-a4000-is/,f3.0 - f5.9,f16.9 - f33.2,No,Yes,Lithium-Ion NB-11L rechargeable battery & charger,Canon,Yes,5.62,Yes,95.3x56.3x24.3 mm,-2EV - +2EV with 1/3EV steps,No,"Anti red-eye, Auto, Fill in, Off, Slow flash",28 - 224 mm,"Auto, 100, 200, 400, 800, 1600",Yes,"230,000","3""",1 cm,No,4608 x 3456,1/2000 sec,16.00,"Centre weighted, Evaluative, Spot",320 x 240,15 sec,PowerShot A4000 IS,40 cm,8x,Yes,4612 x 3468,"1/2.3"" (~ 6.16 x 4.62 mm)",CCD,No,"SDHC, SDXC, Secure Digital",USB 2.0 (480 Mbit/sec),None,145g,6,2012
C15,images/cameras/canon_d10.png,http://www.digicamdb.com/specs/canon_powershot-d10/,f2.8 - f4.9,f15.7 - f27.5,No,Yes,Lithium-Ion NB-6L battery & charger,Canon,Yes,5.62,Yes,103.6x66.9x48.8 mm,-2EV - +2EV with 1/3EV steps,No,"Anti red-eye, Auto, Fill in, Off, Slow flash",35 - 105 mm,"Auto, 80, 100, 200, 400, 800, 1600",Yes,"230,000","2,5""",3 cm,No,4000 x 3000,1/1500 sec,12.10,"Centre weighted, Evaluative, Spot",640 x 480,15 sec,PowerShot D10,46 cm,3x,Yes,4011 x 3016,"1/2.3"" (~ 6.16 x 4.62 mm)",CCD,No,"SDHC, Secure Digital",USB 2.0 (480 Mbit/sec),None,190g,6,2009
C16,images/cameras/canon_powershot_sd1400is.png,http://www.digicamdb.com/specs/canon_powershot-sd1400-is/,f2.8 - f5.9,f15.7 - f33.2,No,Yes,Lithium-Ion NB-4L battery & charger,Canon,Yes,5.62,Yes,92.2x56.1x17.8 mm,-2EV - +2EV with 1/3EV steps,No,"Anti red-eye, Auto, Fill in, Off, Slow flash",28 - 112 mm,"Auto, 80, 100, 200, 400, 800, 1600",Yes,"230,000","2.7""",3 cm,No,4320 x 3240,1/1500 sec,14.10,"Centre weighted, Evaluative, Spot",640 x 480,15 sec,PowerShot SD1400 IS,50 cm,4x,Yes,4330 x 3256,"1/2.3"" (~ 6.16 x 4.62 mm)",CCD,No,"SDHC, SDXC, Secure Digital",USB 2.0 (480 Mbit/sec),None,133g,5,2010
C17,images/cameras/canon_powershot_sd1300is.png,http://www.digicamdb.com/specs/canon_powershot-sd1300-is/,f2.8 - f5.9,f15.7 - f33.2,No,Yes,Lithium-Ion NB-6L battery & charger,Canon,Yes,5.62,Yes,90.5x55.8x21.2 mm,-2EV - +2EV with 1/3EV steps,No,"Anti red-eye, Auto, Fill in, Off, Slow flash",28 - 112 mm,"Auto, 80, 100, 200, 400, 800, 1600",Yes,"230,000","2.7""",3 cm,No,4000 x 3000,1/1500 sec,12.10,"Centre weighted, Evaluative, Spot",320 x 140,15 sec,PowerShot SD1300 IS,50 cm,4x,Yes,4011 x 3016,"1/2.3"" (~ 6.16 x 4.62 mm)",CCD,No,"SDHC, SDXC, Secure Digital",USB 2.0 (480 Mbit/sec),None,140g,5,2010
C18,images/cameras/canon_powershot_a1100is.png,http://www.digicamdb.com/specs/canon_powershot-a1100-is/,f2.7 - f5.6,f15.2 - f31.5,No,Yes,2 x AA Alkaline or NiMH Batteries (Alkalines supplied),Canon,Yes,5.62,Yes,95.4x62.4x31.0 mm,-2EV - +2EV with 1/3EV steps,No,"Anti red-eye, Auto, Fill in, Off, Slow flash",35 - 140 mm,"Auto, 80, 100, 200, 400, 800, 1600",Yes,"115,000","2.5""",3 cm,No,4000 x 3000,1/1600 sec,12.10,"Centre weighted, Evaluative, Spot",640 x 480,15 sec,Powershot A1100 IS,46 cm,4x,Yes,4011 x 3016,"1/2.3"" (~ 6.16 x 4.62 mm)",CCD,No,"SDHC, Secure Digital",USB 2.0 (480 Mbit/sec),Optical (tunnel),155g,5,2009
C19,images/cameras/canon_eos_30d.png,http://www.digicamdb.com/specs/canon_eos-30d/,n/a,n/a,Yes,Yes,AA (4) batteries (NiMH recommended),Canon,Yes,1.6,No,144 x 106 x 74 mm,-2EV - +2EV in 1/3 - 1/2 steps,Yes,"Anti red-eye, Auto, Fill in, Off, Slow flash",n/a,"100, 200, 400, 800, 1600, 3200 (H)",Yes,"230,000","2.5""",n/a,Yes,3504 x 2336,1/8000 sec,8.19,"Centre weighted, Multi-segment, Spot",1728 x 1152,30 sec,EOS 30D,n/a,n/a,Yes,3506 x 2337,22.5 x 15 mm,CMOS,Yes,"CompactFlash type I, CompactFlash type II, Microdrive",USB 2.0 (480 Mbit/sec),Optical (pentaprism),784 g,6,2006
C20,images/cemeras/digitalblue_Disney-Pix-Micro-2.0.jpg,http://www.cnet.com/products/digital-blue-disney-pix-micro-2-0-hannah-montana/specs/,n/a,n/a,n/a,n/a,AAA,Digital Blue,n/a,n/a,n/a,71.0 x 48.0 x 18.0 mm,n/a,n/a,n/a,n/a,n/a,n/a,n/a,n/a,n/a,n/a,n/a,n/a,0.3 Megapixel,n/a,n/a,n/a,Disney Pix Micro 2.0 (Hannah Montana),n/a,n/a,n/a,n/a,n/a,n/a,n/a,n/a,n/a,Optical - real-image,43.0 g,n/a,n/a
C21,images/cameras/fujifilm_finepix_xp10.png,http://www.digicamdb.com/specs/fujifilm_finepix-xp10/,f4.0 - f4.8,f22.5 - f27,No,Yes,Lithium-Ion NP-45A battery & charger,Fujifilm,Yes,5.62,Yes,95.6x63.8x23.2 mm,-2EV - +2EV with 1/3EV steps,No,"Anti red-eye, Auto, Fill in, Off, Slow flash",36 - 180 mm,"Auto, 100, 200, 400, 800, 1600",Yes,"230,000","2.7""",9 cm,No,4000 x 3000,1/2000 sec,12.20,TTL 256-zones metering,640 x 480,1/4 sec,FinePix XP10,60 cm,5x,Yes,4029 x 3029,"1/2.3"" (~ 6.16 x 4.62 mm)",CCD,No,"SDHC, Secure Digital",USB 2.0 (480 Mbit/sec),None,135g,6,2010
C22,images/cameras/ge_x500.png,http://www.digicamdb.com/specs/ge_x500/,f3.0 - f5.2,f16.9 - f29.2,Yes,Yes,4x AA,GE,Yes,5.62,Yes,103x74x68 mm,-2EV - +2EV with 1/3 EV steps,No,"Anti red-eye, Auto, Fill in, Off, Slow flash",27 - 405 mm,"Auto, 80, 100, 200, 400, 800, 1600, 3200",Yes,"230,400","2.7""",5 cm,No,4608 x 3456,1/2000 sec,16.50,"Centre weighted, Multi-segment, Spot",640 x 480,4 sec,X500,60 cm,Yes,Yes,4684 x 3522,"1/2.3"" (~ 6.16 x 4.62 mm)",CCD,Yes,"SDHC, Secure Digital",USB 2.0 Hi-Speed,Electronic,350g,6,2011
C23,images/cameras/gopro_Hero3-Plus-Silver-Edition.jpg,http://www.cnet.com/products/gopro-hero3-plus-silver-edition/specs/,n/a,n/a,n/a,n/a,n/a,GoPro,n/a,n/a,n/a,n/a,n/a,n/a,n/a,n/a,n/a,n/a,n/a,n/a,n/a,n/a,n/a,n/a,n/a,"matrix,spot",n/a,n/a,Hero3+ Silver Edition,n/a,n/a,n/a,n/a,n/a,n/a,n/a,"microSD Card,microSDHC Card,microSDXC Card",n/a,n/a,74.0 g,n/a,n/a
C24,images/cameras/kodak_z990.png,http://www.digicamdb.com/specs/kodak_easyshare-z990/,f2.8 - f5.6,f15.9 - f31.9,Yes,Yes,AA (4) batteries (NiMH Rechargeable batteries),Kodak,Yes,5.69,Yes,124x91x105 mm,&#177;2 EV (at 1/3 EV steps),No,"Auto, Fill-in, Red-Eye reduction, Off",28 - 840 mm,"Auto, 125, 200, 400, 800, 1600, 3200 and 6400",Yes,"460,000","3""",1 cm,Yes,4000 x 3000,1/2000 sec,12.00,"Multi, Center-weighted, Spot",2048 x 1536,16 sec,EasyShare Z990,70 cm,30x,Yes,3995 x 3004,"1/2.33"" (~ 6.08 x 4.56 mm)",BSI CMOS,Yes,"SD/SDHC card, Internal",USB 2.0 (480 Mbit/sec),Electronic,445g,4,2011
C25,images/cameras/kodak_LS443.png,http://www.digicamdb.com/specs/kodak_ls443/,f2.8 - f9.6,f18.2 - f62.4,No,Yes,"Kodak Lithium-Ion, dock & charger (included)",Kodak,Yes,6.5,Yes,109x62x38 mm,&#177;2 EV (at 1/2 EV steps),No,"Auto, Fill-in, Red-Eye reduction, Off",35 - 105 mm,"Auto, 100, 200, 400",Yes,"134,000","1.8""",13 cm,No,2448 x 1632,1/1000 sec,4.00,"Multi, Center-weighted, Spot",1224 x 816,4 sec,LS443,70 cm,3x,Yes,2306 x 1734,"1/2.7"" (~ 5.33 x 4 mm)",CCD,No,"SD/MMC card, Internal",USB 1.0 (1.5 Mbit/sec),Optical (tunnel),260g,4,2002
C26,images/cameras/kodak_Zi8.jpg,http://www.cnet.com/products/kodak-zi8-pocket-video-camera/specs/,n/a,n/a,n/a,n/a,Kodak KLIC 7004,Kodak,n/a,n/a,n/a,61.0 x 112.0 x 23.0 mm,n/a,n/a,n/a,n/a,ISO auto (50-800),n/a,n/a,n/a,n/a,n/a,n/a,n/a,n/a,n/a,n/a,n/a,Zi8 Pocket Video Camera (Raspberry),n/a,n/a,n/a,n/a,"1/2.5""",n/a,n/a,SD Memory Card,n/a,n/a,111.0 g,n/a,n/a
C27,images/cameras/kodak_easyshare_c195.png,http://www.digicamdb.com/specs/kodak_easyshare-c195/,n/a,n/a,No,Yes,2x AA,Kodak,Yes,5.62,Yes,96.3x61.7x30.1 mm,-2EV - +2EV with 1/3EV steps,No,"Anti red-eye, Auto, Fill in, Off",33 - 165 mm,"Auto, 64, 100, 200, 400, 800, 1000",Yes,"230,000","3""",10 cm,No,4288 x 3216,1/1400 sec,14.50,"Centre weighted, Multi-segment",1280 x 960,1/4 sec,EasyShare C195,50 cm,Yes,Yes,4392 x 3302,"1/2.3"" (~ 6.16 x 4.62 mm)",CCD,No,"SDHC, Secure Digital",USB 2.0 Hi-Speed,None,177g,5,2010
C28,images/cameras/nikon_d3100.png,http://www.digicamdb.com/specs/nikon_d3100/,n/a,n/a,Yes,Yes,Lithium-Ion EN-EL14 rechargeable battery & charger,Nikon,Yes,1.56,No,124 x 96 x 75 mm,±5 EV (at 1/3 EV steps),Yes,"Anti red-eye, Auto, Fill in, Off, Rear curtin, Slow flash",n/a,"Auto, 100, 200, 400, 800, 1600, 3200 (12800 with boost)",Yes,"230,000","3""",n/a,Yes,4608 x 3072,1/4000 sec,14.20,"Multi, Center-weighted, Average",2304 x 1536,30 sec,D3100,n/a,n/a,Yes,4616 x 3077,23.1 x 15.4 mm,CMOS,Yes,"SDHC, SDXC, Secure Digital",USB 2.0 (480 Mbit/sec),Optical (pentamirror),505 g,12,2010
C29,images/cameras/nikon_d3200.png,http://www.digicamdb.com/specs/nikon_d3200/,n/a,n/a,Yes,Yes,Lithium-Ion EN-EL14 rechargeable battery & charger,Nikon,Yes,1.55,No,125x96x77 mm,&#177;5 EV (at 1/3 EV steps),Yes,"Auto, Red-Eye, Slow, Red-Eye Slow, Rear curtain",n/a,"Auto, 100, 200, 400, 800, 1600, 3200, 6400 (12800 with boost)",Yes,"921,000","3""",n/a,Yes,6016 x 4000,1/4000 sec,24.20,"Multi, Center-weighted, Spot AF-area",3008 x 2000,30 sec,D3200,n/a,n/a,Yes,6045 x 4003,23.2 x 15.4 mm,CMOS,Yes,SD/SDHC/SDXC UHS-I compliant,USB 2.0 (480 Mbit/sec),Optical (pentamirror),505g,12,2012
C30,images/cameras/nikon_coolpix_p510.png,http://www.digicamdb.com/specs/nikon_coolpix-p510/,f3.3 - f5.9,f18.5 - f33.2,Yes,Yes,Nikon EN-EL5 Lithium-Ion battery,Nikon,Yes,5.62,Yes,120x83x102 mm,-2EV - +2EV with 1/3EV steps,No,"Anti red-eye, Auto, Fill in, Off, Slow flash",24 - 1000 mm,"Auto, 100, 200, 400, 800, 1600, 2000, 3200",Yes,"921,000","3""",2 cm,No,4608 x 3456,1/8000 sec,16.10,"Centre weighted, Multi-segment, Spot",640 x 480,30 sec,Coolpix P510,30 cm,42x,Yes,4627 x 3479,"1/2.3"" (~ 6.16 x 4.62 mm)",CMOS,Yes,"SDHC, SDXC, Secure Digital",USB 2.0 (480 Mbit/sec),Electronic,555g,7,2012
C31,images/cameras/nikon_d7000.png,http://www.digicamdb.com/specs/nikon_d7000/,n/a,n/a,Yes,Yes,Lithium-IonEN-EL15 rechargeable battery & charger,Nikon,Yes,1.53,No,132 x 105 x 77 mm,-5EV - +5EV with 1/3 or 1/2 step,Yes,"Anti red-eye, Auto, Fill in, Off, Rear curtin, Slow flash",n/a,"100 - 6400 in 1, 1/2 or 1/3 EV steps (100 - 25600 with boost)",Yes,"921,000","3""",n/a,Yes,4928 x 3264,1/8000 sec,16.20,"3D Matrix metering II, Centre weighted, Spot",2464 x 1632,30 sec,D7000,n/a,n/a,Yes,4945 x 3275,23.6 x 15.6 mm,CMOS,Yes,"SDHC, SDXC, Secure Digital",USB 2.0 (480 Mbit/sec),Optical (pentaprism),780 g,12,2010
C32,images/cameras/nikon_d800.png,http://www.digicamdb.com/specs/nikon_d800/,n/a,n/a,Yes,Yes,Lithium-IonEN-EL15 rechargeable battery & charger,Nikon,Yes,1,Yes,146x123x82 mm,"-5EV - +5EV with 1, 1/2 or 1/3 s",Yes,"Anti red-eye, Auto, Fill in, Front curtin, Off, Rear curtin, Slow flash",n/a,"Auto, 100 - 6400",Yes,"921,000","3.2""",n/a,Yes,7360 x 4912,1/8000 sec,36.30,"3D Matrix metering II, Centre weighted, Multi-segment, Spot",2400 x 1600,Bulb+30 sec,D800,n/a,n/a,Yes,7379 x 4919,35.9 x 24 mm,CMOS,Yes,"CompactFlash type I, SDHC, SDXC, Secure Digital",USB 3.0 (5 GBit/sec),Optical (pentaprism),900g,12,2012
C33,images/cameras/nikon_d600.png,http://www.digicamdb.com/specs/nikon_d600/,n/a,n/a,Yes,Yes,Lithium-Ion EN-EL15 rechargeable battery & charger,Nikon,Yes,1,No,141x113x82 mm,"&#177;5 EV (at 1/3 EV, 1/2 EV steps)",Yes,"Auto, On, Off, Red-eye, Slow sync, Rear curtain",n/a,"100 - 6400 in 1, 1/2 or 1/3 EV steps (50 - 25600 with boost)",Yes,"921,000","3.2""",n/a,Yes,6016 x 4016,1/4000 sec,24.30,"Multi, Center-weighted, Average, Spot",2944 x 1968,30 sec,D600,n/a,n/a,Yes,6038 x 4025,35.9 x 24 mm,CMOS,Yes,"SD,SDHC,SDXC x 2 slots",USB 2.0 (480 Mbit/sec),Optical,760g,12,2012
C34,images/cameras/nikon_coolpix_s9100.png,http://www.digicamdb.com/specs/nikon_coolpix-s9100/,f3.5 - f5.9,f19.7 - f33.2,No,Yes,Nikon EN-EL12 Lithium-Ion battery,Nikon,Yes,5.62,Yes,104.8x62x34.6 mm,-2EV - +2EV with 1/3EV steps,No,"Anti red-eye, Auto, Fill in, Off, Slow flash",25 - 450 mm,"Auto, 160 - 3200",Yes,"921,000","3""",4 cm,Yes,4000 x 3000,1/2000 sec,12.00,"Multi, Center-weighted, Spot, Spot AF-area",640 x 480,4 sec,Coolpix S9100,50 cm,18x,Yes,3995 x 3004,"1/2.3"" (~ 6.16 x 4.62 mm)",CCD,No,"SDHC, SDXC, Secure Digital",USB 2.0 (480 Mbit/sec),None,214g,5,2011
C35,images/cameras/nikon_coolpix_s6300.png,http://www.digicamdb.com/specs/nikon_coolpix-s6300/,f3.2 - f5.8,f18 - f32.6,No,Yes,Nikon EN-EL12 Lithium-Ion battery,Nikon,Yes,5.62,Yes,94x58x26 mm,&#177;2 EV (at 1/3 EV steps),No,"Auto, On, Off, Red-Eye, Slow-sync",25 - 250 mm,"Auto, 125, 200, 400, 800, 1600, 3200",Yes,"230,000","2.7""",10 cm,No,4608 x 3456,1/8000 sec,16.00,"Multi, Center-weighted, Spot, Spot AF-area",640 x 480,30 sec,Coolpix S6300,50 cm,10x,Yes,4612 x 3468,"1/2.3"" (~ 6.16 x 4.62 mm)",BSI CMOS,No,SD/SDHC/SDXC,USB 2.0 (480 Mbit/sec),None,160g,5,2012
C36,images/cameras/nikon_775.png,http://www.digicamdb.com/specs/nikon_coolpix-775/,f2.8 - f4.9,f18.2 - f31.9,No,Yes,Nikon EN-EL1 Lithium-Ion & charger included,Nikon,Yes,6.5,Yes,87x67x44 mm,&#177;2 EV (at 1/3 EV steps),No,"Auto, Fill-in, Red-Eye reduction, Slow, Off",38 - 115 mm,"Auto, (100)",Yes,"110,000","1.5""",4 cm,No,1600 x 1200,1/1000 sec,1.90,"Multi, Center-weighted, Spot",1024 x 768,1 sec,Coolpix 775,30 cm,3x,Yes,1589 x 1195,"1/2.7"" (~ 5.33 x 4 mm)",CCD,No,Compact Flash (Type I only),USB 1.0 (1.5 Mbit/sec),Optical (tunnel),230g,5,2001
C37,images/cameras/nikon_l110.png,http://www.digicamdb.com/specs/nikon_coolpix-l110/,f3.5 - f5.4,f19.7 - f30.3,No,Yes,"4 x AA batteries (Alkaline, NiMH, or Lithium)",Nikon,Yes,5.62,Yes,109x74x78 mm,-2EV - +2EV with 1/3EV steps,No,"Anti red-eye, Auto, Fill in, Off",28 - 420 mm,auto,Yes,"230,000","3""",1 cm,No,4000 x 3000,1/2000 sec,12.20,"Multi, Center-weighted, Spot",640 x 480,8 sec,Coolpix L110,60 cm,15x,Yes,4029 x 3029,"1/2.3"" (~ 6.16 x 4.62 mm)",CCD,No,"SDHC, Secure Digital",USB 2.0 (480 Mbit/sec),None,406g,5,2010
C38,images/cameras/nikon_l22.png,http://www.digicamdb.com/specs/nikon_coolpix-l22/,f3.1 - f6.7,f17.4 - f37.7,No,Yes,"2 x AA batteries (Alkaline, NiMH or Lithium)",Nikon,Yes,5.62,Yes,98x61x28 mm,-2EV - +2EV with 1/3EV steps,No,"Anti red-eye, Auto, Fill in, Off",37 - 134 mm,auto,Yes,"230,000","3""",5 cm,No,4000 x 3000,1/2000 sec,12.20,"Multi, Center-weighted, Spot",640 x 480,8 sec,Coolpix L22,30 cm,3.6x,Yes,4029 x 3029,"1/2.3"" (~ 6.16 x 4.62 mm)",CCD,No,"SDHC, Secure Digital",USB 2.0 (480 Mbit/sec),None,183g,5,2010
C39,images/cameras/nikon_aw110.png,http://www.digicamdb.com/specs/nikon_coolpix-aw110/,f3.9 - f4.8,f21.9 - f27,No,Yes,Rechargeable Li-ion Battery EN-EL12,Nikon,Yes,5.62,Yes,110.1 x 65.3 x 24.5 mm,+/- 2 EV in steps of 1/3,No,"Auto, Red-eye, Fill-in, Slow sync, Off",28 - 140mm,"Auto, 125, 200, 400, 800, 1600, 3200",Yes,"614,000","3""",1 cm,n/a,4608 x 3456,1/5000 sec,16.00,"Matrix, Center-weighted, Spot",640 x 480,4 sec,Coolpix AW110,50 cm,5x,Yes,4612 x 3468,"1/2.3"" (~ 6.16 x 4.62 mm)",CMOS,No,SD/SDHC/SDXC,USB 2.0 (480 Mbit/sec),None,193 g,5,2013
C40,images/cameras/panasonic_tz5.png,http://www.digicamdb.com/specs/panasonic_lumix-dmc-tz5/,f3.3 - f4.9,f18.8 - f27.9,No,Yes,Lithium-Ion rechargeable & charger,Panasonic,Yes,5.69,Yes,103.3x59.3x36.5 mm,-2EV - +2EV with 1/3EV steps,No,"Anti red-eye, Auto, Fill in, Off, Slow flash",28 - 280 mm,"Auto, 100, 200, 400, 800, 1600, 6400",Yes,"460,000","3""",5 cm,No,3456 x 2592,1/2000 sec,9.10,"Centre weighted, Intelligent Multiple, Spot",640 x 480,60 sec,Lumix DMC-TZ5,50 cm,10x,Yes,3479 x 2616,"1/2.33"" (~ 6.08 x 4.56 mm)",CCD,No,"SDHC, Secure Digital",USB 2.0 (480 Mbit/sec),None,214g,6,2008
C41,images/cameras/panasonic_lumix_dmc_zs8.png,http://www.digicamdb.com/specs/panasonic_lumix-dmc-zs8/,f3.3 - f5.9,f18.8 - f33.6,Yes,Yes,Lithium-Ion rechargeable battery & charger,Panasonic,Yes,5.69,Yes,105x58x33 mm,-2EV - +2EV with 1/3EV steps,No,"Anti red-eye, Auto, Fill in, Off, Slow flash",24 - 384 mm,"Auto, 100, 200, 400, 800, 1600 - 6400",Yes,"230,000","3""",3 cm,No,4320 x 3240,1/4000 sec,14.10,"Centre weighted, Intelligent Multiple, Spot",640 x 480,60 sec,Lumix DMC-ZS8,50 cm,16x,Yes,4330 x 3256,"1/2.33"" (~ 6.08 x 4.56 mm)",CCD,Yes,"SDHC, SDXC, Secure Digital",USB 2.0 (480 Mbit/sec),None,210g,6,2011
C42,images/cameras/panasonic_lumix_dmc_ts3.png,http://www.digicamdb.com/specs/panasonic_lumix-dmc-ts3/,f3.3 - f5.9,f18.8 - f33.6,No,Yes,Lithium-Ion rechargeable battery & charger,Panasonic,Yes,5.69,Yes,104x64x27 mm,-2EV - +2EV with 1/3EV steps,No,"Anti red-eye, Auto, Fill in, Off, Slow flash",28 - 128 mm,"Auto, 100, 200, 400, 800, 1600 - 6400",Yes,"230,000","2.7""",5 cm,No,4000 x 3000,1/1300 sec,12.10,Intelligent Multiple,640 x 480,60 sec,Lumix DMC-TS3,30 cm,4.6x,Yes,4011 x 3016,"1/2.33"" (~ 6.08 x 4.56 mm)",CCD,No,"SDHC, SDXC, Secure Digital",USB 2.0 (480 Mbit/sec),None,197g,6,2011
C43,images/cameras/panasonic_lumix_dmc_ts20.png,http://www.digicamdb.com/specs/panasonic_lumix-dmc-ts20/,f3.9 - f5.7,f22.2 - f32.4,No,Yes,Lithium-Ion rechargeable battery & charger,Panasonic,Yes,5.69,Yes,101x58x19 mm,-2EV - +2EV with 1/3EV steps,No,"Anti red-eye, Auto, Fill in, Off, Slow flash",25 - 100 mm,"Auto, Hi Auto, (1600-6400), 100, 200, 400, 800, 1600",Yes,"230,000","2.7""",5 cm,No,4608 x 3456,1/1300 sec,16.10,Multi-segment,640 x 480,8 sec,Lumix DMC-TS20,50 cm,4x,Yes,4627 x 3479,"1/2.33"" (~ 6.08 x 4.56 mm)",CCD,No,"SDHC, SDXC, Secure Digital",USB 2.0 (480 Mbit/sec),None,142g,4,2012
C44,images/cameras/panasonic_lumix_dmc_ts4.png,http://www.digicamdb.com/specs/panasonic_lumix-dmc-ts4/,f3.3 - f5.9,f18.8 - f33.6,No,Yes,Lithium-Ion rechargeable battery & charger,Panasonic,Yes,5.69,Yes,103x64x27 mm,-2EV - +2EV with 1/3EV steps,No,"Anti red-eye, Auto, Fill in, Off, Slow flash",28 - 128 mm,"Auto, Hi Auto, (1600-6400), 100, 200, 400, 800, 1600",Yes,"230,000","2.7""",5 cm,No,4000 x 3000,1/1300 sec,12.10,Multi-segment,1504 x 1504,60 sec,Lumix DMC-TS4,30 cm,4.6x,Yes,4011 x 3016,"1/2.33"" (~ 6.08 x 4.56 mm)",CCD,No,"SDHC, SDXC, Secure Digital",USB 2.0 (480 Mbit/sec),Electronic,197g,4,2012
C45,images/cameras/rollei_sportsline_60.png,http://www.digicamdb.com/specs/rollei_sportsline-60-camouflage/,f2.8,f15.7,No,No,2x AAA,Rollei,Yes,5.62,Yes,90.3x63x25.3 mm,-2EV - +2EV with 1/3EV steps,No,"Anti red-eye, Auto, Fill in, Off",other mm,auto,Yes,"230,400","2.4""",n/a,No,2592 x 1944,n/a,5.00,Centre weighted,640 x 480,n/a,Sportsline 60 Camouflage,80 cm,No,Yes,2579 x 1939,"1/2.3"" (~ 6.16 x 4.62 mm)",CMOS,No,"microSD, microSDHC",USB 2.0 Hi-Speed,None,98g,5,2011
C46,images/cameras/samsung_wb250f.png,http://www.digicamdb.com/specs/samsung_wb250f/,f3.2 - f5.8,f18 - f32.6,No,Yes,Lithium-Ion rechargeable battery & charger,Samsung,Yes,5.62,Yes,107 x 62 x 22 mm,±2 EV (at 1/3 EV steps),No,"Auto, Red-eye, Fill-in, Slow sync, Off",24 - 432 mm,"Auto, 100, 200, 400, 800, 1600, 3200",Yes,"460,000","3""",5 cm,No,4320 x 3240,1/2000 sec,14.20,"Multi, Center-weighted, Spot",1024 x 768,16 sec,WB250F,80 cm,18x,Yes,4346 x 3268,"1/2.3"" (~ 6.16 x 4.62 mm)",BSI CMOS,No,SD/SDHC/SDXC,USB 2.0 (480 Mbit/sec),None,226 g,5,2013
C47,images/cameras/sony_cybershot_dsc_wx150.png,http://www.digicamdb.com/specs/sony_cybershot-dsc-wx150/,f3.3 - f5.9,f18.5 - f33.2,No,Yes,Lithium-Ion NP-BN battery and charger,Sony,Yes,5.62,Yes,95x56x22 mm,&#177;2 EV (at 1/3 EV steps),No,"Auto, On, Off, Slow Sync",25 - 250 mm,"Auto, 100, 200, 400, 800, 1600, 3200, 6400, 12800",Yes,"460,800","3""",5 cm,No,4896 x 3672,1/1600 sec,18.20,"Multi, Center-weighted, Spot",640 x480,30 sec,Cybershot DSC WX150,n/a,10x,Yes,4920 x 3699,"1/2.3"" (~ 6.16 x 4.62 mm)",BSI CMOS,No,"SD/SDHC/SDXC, Memory Stick Duo/Pro Duo/Pro-HG Duo",USB 2.0 (480 Mbit/sec),None,133g,7,2012
C48,images/cameras/sony_cybershot_dsc_tx20.png,http://www.digicamdb.com/specs/sony_cybershot-dsc-tx20/,f3.5 - f4.6,f19.7 - f25.9,No,Yes,Lithium-Ion NP-BN battery and charger,Sony,Yes,5.62,Yes,96x56x18 mm,-2EV - +2EV with 1/3EV steps,No,"Anti red-eye, Auto, Fill in, Off, Slow flash",25 - 100 mm,auto,Yes,"921,000","3""",1 cm,Yes,4608 x 3456,1/1600 sec,16.10,"Multi, Center-weighted, Spot",640 x 480,4 sec,Cybershot DSC TX20,n/a,4x,Yes,4627 x 3479,"1/2.3"" (~ 6.16 x 4.62 mm)",Exmor R CMOS,No,"SD/SDHC/SDXC/Memory Stick Duo/Memory Stick Pro Duo, Memory Stick",USB 2.0 (480 Mbit/sec),None,133g,7,2012
C49,images/cameras/sony_cybershot_dsc_w290.png,http://www.digicamdb.com/specs/sony_cybershot-dsc-w290/,f3.3 - f5.2,f18.5 - f29.2,No,Yes,Lithium-Ion Battery & Charger,Sony,Yes,5.62,Yes,98x57x23 mm,-2EV - +2EV with 1/3EV steps,No,"Anti red-eye, Auto, Fill in, Off, Slow flash",28 - 140 mm,Auto,Yes,"230,400","3""",10 cm,Yes,4000 x 3000,1/1600 sec,12.10,"Centre weighted, Multi-segment, Spot",640 x 480,2 sec,Cybershot DSC W290,50 cm,5x,Yes,4011 x 3016,"1/2.3"" (~ 6.16 x 4.62 mm)",CCD,No,"Memory Stick Duo, Memory Stick Pro Duo",USB 2.0 (480 Mbit/sec),None,145g,6,2009
C50,images/cameras/sony_bloggie-touch-mhs-ts10.jpg,http://www.cnet.com/products/sony-bloggie-touch-mhs-ts/specs/,n/a,n/a,n/a,n/a,n/a,Sony,n/a,n/a,n/a,51.0 x 107.0 x 15.0 mm,n/a,n/a,n/a,n/a,ISO auto (80-1600),n/a,n/a,n/a,n/a,n/a,n/a,1/4000 sec,n/a,center-weighted,n/a,1/30 sec,Bloggie Touch MHS-TS10 (Silver),n/a,n/a,n/a,n/a,"1/2.5""",n/a,n/a,n/a,n/a,n/a,125.0 g,n/a,n/a
